{
    "schedule": [
        {
            "date": "2047-05-17",
            "groups": [
                {
                    "time": "Campus Party",
                    "sessions": [
                        {
                            "name": "CPBSB5",
                            "timeStart": "05/04/23",
                            "timeEnd": "09/04/23",
                            "location": "Brasilia",
                            "tracks": [
                                "Campus Party"
                            ],
                            "id": "1"
                        }
                    ]
                },
                {
                    "time": "Campus Party",
                    "sessions": [
                        {
                            "name": "Início das submissões",
                            "location": "Brasilia",
                            "description": "Inicio de solicitações de comunidades",
                            "speakerNames": [
                                "Eva Eagle",
                                "Lionel Lion"
                            ],
                            "timeStart": "10:00 am",
                            "timeEnd": "-",
                            "tracks": [
                                "Campus Party",
                                "4 Community"
                            ],
                            "id": "5"
                        }
                    ]
                },
                {
                    "time": "Campus Party",
                    "sessions": [
                        {
                            "name": "Abertura hackathons",
                            "location": "Brasilia",
                            "description": "Apresentação das propostas de projetos",
                            "speakerNames": [
                                "Karl Kitten",
                                "Lionel Lion"
                            ],
                            "timeStart": "07:00 pm",
                            "timeEnd": "9:00 pm",
                            "tracks": [
                                "Campus Party",
                                "4 Events"
                            ],
                            "id": "9"
                        }
                    ]
                },
                {
                    "time": "Conta azul",
                    "sessions": [
                        {
                            "name": "Gestão financeira",
                            "location": "Joinville, SC, Brasil",
                            "description": "Evento secundario da comunidade conta azul",
                            "timeStart": "12:00 pm",
                            "timeEnd": "17:00 pm",
                            "tracks": [
                                "Outros"
                            ],
                            "id": "12"
                        }
                    ]
                }
            ]
        }
    ],
    "speakers": [
        {
            "name": "Press Start",
            "profilePic": "/assets/img/hackathon/events/image 1.png",
            "instagram": "campuspartybra",
            "twitter": "campuspartybra",
            "about": "Burt is a Bear. Burt's interests include poetry, dashing space heroes, and lions.",
            "title": "Software Engineer",
            "location": "Everywhere",
            "email": "burt@example.com",
            "phone": "+1-541-754-3010",
            "id": "1"
        },
        {
            "name": "Charlie Cheetah",
            "profilePic": "/assets/img/hackathon/events/image 2.png",
            "instagram": "campuspartybra",
            "twitter": "campuspartybra",
            "about": "Charlie is a Cheetah. Charlie's interests include country music, plush animals, pyrotechnics, and skeletons.",
            "title": "Software Engineer",
            "location": "Everywhere",
            "email": "charlie@example.com",
            "phone": "+1-541-754-3010",
            "id": "2"
        },
        {
            "name": "Hackathon BRB",
            "profilePic": "/assets/img/hackathon/events/image 3.png",
            "instagram": "campuspartybra",
            "twitter": "campuspartybra",
            "about": "Como desafios do cotidiano podem ser resolvidos com soluções do BRB via Open Finance?",
            "title": "Software Engineer",
            "location": "Everywhere",
            "email": "donald@example.com",
            "phone": "+1-541-754-3010",
            "id": "3"
        },
        {
            "name": "Eva Eagle",
            "profilePic": "/assets/img/hackathon/events/image 4.png",
            "instagram": "campuspartybra",
            "twitter": "campuspartybra",
            "about": "Eva is an Eagle. Eva's interests include ants, seashells, and cupcakes.",
            "title": "Developer Advocate",
            "location": "Everywhere",
            "email": "eva@example.com",
            "phone": "+1-541-754-3010",
            "id": "4"
        }
    ],
    "comunidades": [
        {
            "name": "Press Start",
            "profilePic": "/assets/img/hackathon/events/image 5.png",
            "instagram": "campuspartybra",
            "twitter": "campuspartybra",
            "about": "Burt is a Bear. Burt's interests include poetry, dashing space heroes, and lions.",
            "title": "Software Engineer",
            "location": "Everywhere",
            "email": "burt@example.com",
            "phone": "+1-541-754-3010",
            "id": "1"
        },
        {
            "name": "Hackathon BRB",
            "profilePic": "/assets/img/hackathon/events/image 6.png",
            "instagram": "ionicframework",
            "twitter": "campuspartybra",
            "about": "Charlie is a Cheetah. Charlie's interests include country music, plush animals, pyrotechnics, and skeletons.",
            "title": "Software Engineer",
            "location": "Everywhere",
            "email": "charlie@example.com",
            "phone": "+1-541-754-3010",
            "id": "2"
        },
        {
            "name": "Donald Duck",
            "profilePic": "/assets/img/hackathon/events/image 7.png",
            "instagram": "campuspartybra",
            "twitter": "campuspartybra",
            "about": "Donald is a Duck. Donald's interests include carpentry, superheroes, merpeople, and glam rock.",
            "title": "Software Engineer",
            "location": "Everywhere",
            "email": "donald@example.com",
            "phone": "+1-541-754-3010",
            "id": "3"
        },
        {
            "name": "Eva Eagle",
            "profilePic": "/assets/img/hackathon/events/image 8.png",
            "instagram": "campuspartybra",
            "twitter": "campuspartybra",
            "about": "Eva is an Eagle. Eva's interests include ants, seashells, and cupcakes.",
            "title": "Developer Advocate",
            "location": "Everywhere",
            "email": "eva@example.com",
            "phone": "+1-541-754-3010",
            "id": "4"
        }
    ],
    "map": [
        {
            "name": "Monona Terrace Convention Center",
            "lat": 43.071584,
            "lng": -89.38012,
            "center": true
        },
        {
            "name": "Ionic HQ",
            "lat": 43.074395,
            "lng": -89.381056
        },
        {
            "name": "Afterparty - Brocach Irish Pub",
            "lat": 43.07336,
            "lng": -89.38335
        }
    ],
    "tracks": [
        {
            "name": "Campus Party",
            "icon": "game-controller-outline"
        },
        {
            "name": "4 Events",
            "icon": "document"
        },
        {
            "name": "4 Community",
            "icon": "logo-reddit"
        }
    ]
}